round,candidate_key,name,candidate_rank,sequence,num_mutations,mutations,plddt,ptm,ca_rmsd,total_energy
round1_unconstrained,seq_1_3e80b,">T=0.1, sample=1, score=0.8716, global_score=0.8716, seq_recovery=0.4574",1,MKFSRCELARRLKELGMDNLFGYPLGAYVCLAEVTGGGDTSVTRKDSDGNVYYGIFGLPTNTWCYDGNTPSNVNKCNVPCSELTKDDITTAVNCLKKVVSEGNGLKAFPEYKAKCDGKDVSKWVEGCEL,70,K1M;V2K;G4S;A10R;A11R;M12L;R14E;H15L;L17M;Y20L;R21F;S24P;N27A;W28Y;A31L;K33E;F34V;E35T;S36G;N37G;F38G;N39D;Q41S;A42V;N44R;R45K;N46D;T47S;S50N;T51V;D52Y;L56F;Q57G;I58L;N59P;S60T;R61N;W62T;N65Y;R68N;G71S;S72N;R73V;L75K;I78V;A82E;L84T;S85K;S86D;A90T;S91A;A95L;I98V;D101E;M105L;N106K;W108F;V109P;A110E;W111Y;R112K;N113A;R114K;K116D;T118K;Q121S;A122K;I124V;R125E;R128E,96.23720930232558,0.9,0.7842117434419409,-13.6923
round1_unconstrained,seq_5_55760,">T=0.1, sample=5, score=0.8566, global_score=0.8566, seq_recovery=0.4806",2,MKFSRCGLAQELKKLGMDNFNGYPLGAWVCLAEVTAGGDTSVSRAYPDGSVSYGIFGLPTDWWCDDGNTPSNTNLCNVPCSELTSDDITTAVACLKKVVSAGEGLRAFPEWKEHCEGTDVSKWVEGCEL,67,K1M;V2K;G4S;E7G;A10Q;A11E;M12L;R14K;H15L;L17M;Y20F;R21N;S24P;N27A;A31L;K33E;F34V;E35T;S36A;N37G;F38G;N39D;Q41S;A42V;T43S;N44R;R45A;N46Y;T47P;T51V;D52S;L56F;Q57G;I58L;N59P;S60T;R61D;N65D;R68N;G71S;S72N;R73T;I78V;A82E;L84T;S86D;A90T;S91A;N93A;A95L;I98V;D101A;N103E;M105L;N106R;W108F;V109P;A110E;R112K;N113E;R114H;K116E;Q121S;A122K;I124V;R125E;R128E,95.76953488372097,0.89,0.6819645005186696,0.0760239
round1_unconstrained,seq_2_a3008,">T=0.1, sample=2, score=0.8667, global_score=0.8667, seq_recovery=0.4341",3,KKYTRCGLAKELKKLGMDNFNGYPLGYWVCLAWYTAGGDNSKTEKLADGTVRKGLFGLPTNKWCSDGSTPSNVNRCNVPCSELTSDDLTTQVACLKKVVSEGNGLDAFPEYKAKCKGKDVSKWVEGCEL,73,V2K;F3Y;G4T;E7G;A10K;A11E;M12L;R14K;H15L;L17M;Y20F;R21N;S24P;N27Y;A31L;K33W;F34Y;E35T;S36A;N37G;F38G;N39D;T40N;Q41S;A42K;N44E;R45K;N46L;T47A;S50T;T51V;D52R;Y53K;I55L;L56F;Q57G;I58L;N59P;S60T;R61N;W62K;N65S;R68S;G71S;S72N;R73V;L75R;I78V;A82E;L84T;S86D;I88L;A90T;S91Q;N93A;A95L;I98V;D101E;M105L;N106D;W108F;V109P;A110E;W111Y;R112K;N113A;R114K;T118K;Q121S;A122K;I124V;R125E;R128E,95.36364341085276,0.89,1.094272768719449,-9.19809
round1_unconstrained,seq_4_01504,">T=0.1, sample=4, score=0.8506, global_score=0.8506, seq_recovery=0.4574",4,KKYSRCELAQTLKKLGMDNFNGYPLGAFVCLAWYTAGGDSSVSRKDSDGSVRYGLFGLPTNRWCSDGNTPSNVNLCNVPCSELTSDDLTTQVNCLKKVVSEGNGLDAFPEYKAKCKGKDVSEWVKGCKL,70,V2K;F3Y;G4S;A10Q;A11T;M12L;R14K;H15L;L17M;Y20F;R21N;S24P;N27A;W28F;A31L;K33W;F34Y;E35T;S36A;N37G;F38G;N39D;T40S;Q41S;A42V;T43S;N44R;R45K;N46D;T47S;T51V;D52R;I55L;L56F;Q57G;I58L;N59P;S60T;R61N;W62R;N65S;R68N;G71S;S72N;R73V;I78V;A82E;L84T;S86D;I88L;A90T;S91Q;A95L;I98V;D101E;M105L;N106D;W108F;V109P;A110E;W111Y;R112K;N113A;R114K;T118K;Q121S;A122E;I124V;R125K;R128K,95.13573643410848,0.89,0.7251558013178202,-7.2212
round1_unconstrained,seq_3_76161,">T=0.1, sample=3, score=0.9082, global_score=0.9082, seq_recovery=0.4109",5,MKYSRCGLAQELKKLGMDNFNGYPLGAYVCLAMVSAGGDNSVSKADSDGNVRYGIFQLPTDWVCYDGNTPSNVNYGNVPCSELTKDDLTTAVNVLKKVVSAGNGLRAFPEYKKYCEGKDVSKWVEGCDL,76,K1M;V2K;F3Y;G4S;E7G;A10Q;A11E;M12L;R14K;H15L;L17M;Y20F;R21N;S24P;N27A;W28Y;A31L;K33M;F34V;E35S;S36A;N37G;F38G;N39D;T40N;Q41S;A42V;T43S;N44K;R45A;N46D;T47S;S50N;T51V;D52R;L56F;I58L;N59P;S60T;R61D;W63V;N65Y;R68N;G71S;S72N;R73V;L75Y;C76G;I78V;A82E;L84T;S85K;S86D;I88L;A90T;S91A;C94V;A95L;I98V;D101A;M105L;N106R;W108F;V109P;A110E;W111Y;R112K;N113K;R114Y;K116E;T118K;Q121S;A122K;I124V;R125E;R128D,91.25914728682172,0.87,0.8616575109725013,-0.282924
round2_constrained,round2_rank_2,"T=0.1,",2,MVWGQCELAAALKKHGMDNYRGYSLGNFVCLAKFESNFNNSVTNTNTDGSTDYGILQLNTRWDCSDGRTPGNRNLCNVPCSALLSSDLTASVNCFKKVVSSGNGLNAFVAYKNNCKGTDTSAFVRGCRL,31,K1M;F3W;R5Q;M12L;R14K;L17M;W28F;A31L;T40N;Q41S;A42V;R45T;I58L;S60T;W63D;N65S;S72N;I78V;I88L;A95F;I98V;D101S;M105L;W108F;W111Y;R112K;R114N;V120T;Q121S;W123F;I124V,97.99325581395348,0.91,0.7265532519212725,-3.65322
round2_constrained,round2_rank_3,"T=0.1,",3,TVWGQCELAAALKKHGMDNFRGYSLGNFVCLAKFESNFNNSVSNTNTDGSTDYGILQLNTRWDCYDGRTPGNRNLCNVPCSALLSSDITASVNCFKKVVSSGNGLNAFVAYNNNCKGTDTSAFVRGCRL,32,K1T;F3W;R5Q;M12L;R14K;L17M;Y20F;W28F;A31L;T40N;Q41S;A42V;T43S;R45T;I58L;S60T;W63D;N65Y;S72N;I78V;A95F;I98V;D101S;M105L;W108F;W111Y;R112N;R114N;V120T;Q121S;W123F;I124V,97.52434108527136,0.9,0.7383843401467907,9.28778
round2_constrained,round2_rank_4,"T=0.1,",4,KVFGRCELAAALKKHGMDNFRGYSLGNWVCLAKFESNFNTSVSNTNTDGSTDYGILQLNTRWDCYDGRTPGNRNLCNVPCSALLSSDITASVNCAKKVVTEGNGLNRFVAYENNCKGTDTSAFVRGCRL,28,M12L;R14K;L17M;Y20F;A31L;Q41S;A42V;T43S;R45T;I58L;S60T;W63D;N65Y;S72N;I78V;I98V;S100T;D101E;M105L;A107R;W108F;W111Y;R112E;R114N;V120T;Q121S;W123F;I124V,97.05565891472868,0.9,0.7133336823658887,1.97199
round2_constrained,round2_rank_5,"T=0.1,",5,KVWGTCELAAALKKHGMDNFRGYSLGNYVCLAKFESNFNNSVSNTNTDGSTDYGILQLNTRWVCSDGRTPGNRNLCNVPCSALLSSDITASVNCFKLVVSSGNGLNAFVAYENNCKGTDTSAFVRGCRL,32,F3W;R5T;M12L;R14K;L17M;Y20F;W28Y;A31L;T40N;Q41S;A42V;T43S;R45T;I58L;S60T;W63V;N65S;S72N;I78V;A95F;K97L;I98V;D101S;M105L;W108F;W111Y;R112E;R114N;V120T;Q121S;W123F;I124V,97.41441860465116,0.9,0.683969388142281,11.0382
round2_constrained,round2_rank_6,"T=0.1,",6,MVFGQCELAAALKKHGMDNFRGYSLGNFVCLAKFESNFNNTVSNTNTDGSTDYGILQLNTRWWCYDGRTPGNRNLCNVPCSALLSSDLTASVNCFKKVVSYGNGLNAFVAYENYCKGTDTSAFVRGCRL,31,K1M;R5Q;M12L;R14K;L17M;Y20F;W28F;A31L;T40N;Q41T;A42V;T43S;R45T;I58L;S60T;N65Y;S72N;I78V;I88L;A95F;I98V;D101Y;M105L;W108F;W111Y;R112E;R114Y;V120T;Q121S;W123F;I124V,97.37426356589148,0.9,0.7089826784731204,5.13842
