round,name,candidate_rank,sequence,num_mutations
round1_unconstrained,">T=0.1, sample=1, score=0.8716, global_score=0.8716, seq_recovery=0.4574",1,MKFSRCELARRLKELGMDNLFGYPLGAYVCLAEVTGGGDTSVTRKDSDGNVYYGIFGLPTNTWCYDGNTPSNVNKCNVPCSELTKDDITTAVNCLKKVVSEGNGLKAFPEYKAKCDGKDVSKWVEGCEL,70
round1_unconstrained,">T=0.1, sample=5, score=0.8566, global_score=0.8566, seq_recovery=0.4806",2,MKFSRCGLAQELKKLGMDNFNGYPLGAWVCLAEVTAGGDTSVSRAYPDGSVSYGIFGLPTDWWCDDGNTPSNTNLCNVPCSELTSDDITTAVACLKKVVSAGEGLRAFPEWKEHCEGTDVSKWVEGCEL,67
round1_unconstrained,">T=0.1, sample=2, score=0.8667, global_score=0.8667, seq_recovery=0.4341",3,KKYTRCGLAKELKKLGMDNFNGYPLGYWVCLAWYTAGGDNSKTEKLADGTVRKGLFGLPTNKWCSDGSTPSNVNRCNVPCSELTSDDLTTQVACLKKVVSEGNGLDAFPEYKAKCKGKDVSKWVEGCEL,73
round1_unconstrained,">T=0.1, sample=4, score=0.8506, global_score=0.8506, seq_recovery=0.4574",4,KKYSRCELAQTLKKLGMDNFNGYPLGAFVCLAWYTAGGDSSVSRKDSDGSVRYGLFGLPTNRWCSDGNTPSNVNLCNVPCSELTSDDLTTQVNCLKKVVSEGNGLDAFPEYKAKCKGKDVSEWVKGCKL,70
round1_unconstrained,">T=0.1, sample=3, score=0.9082, global_score=0.9082, seq_recovery=0.4109",5,MKYSRCGLAQELKKLGMDNFNGYPLGAYVCLAMVSAGGDNSVSKADSDGNVRYGIFQLPTDWVCYDGNTPSNVNYGNVPCSELTKDDLTTAVNVLKKVVSAGNGLRAFPEYKKYCEGKDVSKWVEGCDL,76
round2_constrained,"1LYZ_clean,",1,KVFGRCELAAAMKRHGLDNYRGYSLGNWVCAAKFESNFNTQATNRNTDGSTDYGILQINSRWWCNDGRTPGSRNLCNIPCSALLSSDITASVNCAKKIVSDGNGMNAWVAWRNRCKGTDVQAWIRGCRL,0
round2_constrained,"T=0.1,",2,MVWGQCELAAALKKHGMDNYRGYSLGNFVCLAKFESNFNNSVTNTNTDGSTDYGILQLNTRWDCSDGRTPGNRNLCNVPCSALLSSDLTASVNCFKKVVSSGNGLNAFVAYKNNCKGTDTSAFVRGCRL,31
round2_constrained,"T=0.1,",3,TVWGQCELAAALKKHGMDNFRGYSLGNFVCLAKFESNFNNSVSNTNTDGSTDYGILQLNTRWDCYDGRTPGNRNLCNVPCSALLSSDITASVNCFKKVVSSGNGLNAFVAYNNNCKGTDTSAFVRGCRL,32
round2_constrained,"T=0.1,",4,KVFGRCELAAALKKHGMDNFRGYSLGNWVCLAKFESNFNTSVSNTNTDGSTDYGILQLNTRWDCYDGRTPGNRNLCNVPCSALLSSDITASVNCAKKVVTEGNGLNRFVAYENNCKGTDTSAFVRGCRL,28
round2_constrained,"T=0.1,",5,KVWGTCELAAALKKHGMDNFRGYSLGNYVCLAKFESNFNNSVSNTNTDGSTDYGILQLNTRWVCSDGRTPGNRNLCNVPCSALLSSDITASVNCFKLVVSSGNGLNAFVAYENNCKGTDTSAFVRGCRL,32
round2_constrained,"T=0.1,",6,MVFGQCELAAALKKHGMDNFRGYSLGNFVCLAKFESNFNNTVSNTNTDGSTDYGILQLNTRWWCYDGRTPGNRNLCNVPCSALLSSDLTASVNCFKKVVSYGNGLNAFVAYENYCKGTDTSAFVRGCRL,31
round2_constrained,"T=0.1,",7,TVFGRCELAAALKKHGMDNFRGYSLGNFVCLAKFESNFNNSVSNTNTDGNTDYGILQLNTRWDCYDGRTPGNRNLCNVPCSALLSSDITASVNCFKKVVSEGGGLNRFVAYENNCKGTDTSAFVRGCRL,33
round2_constrained,"T=0.1,",8,TVWGRCELAAALKKHGMDNFRGYSLGNFVCLAKFESNFNNSVSNTNTDGSTDYGILQLNTRWDCYDGRTPGNRNLCNVPCSALLSSDLTASVNCFKKVVSSGNGLNAFVAYNNYCKGTDTSAFVRGCRL,32
round2_constrained,"T=0.1,",9,MVWGTCELAAALKKHGMDNFRGYSLGNFVCLAKFESNFNNTVSNTNTDGNTDYGILQLNTRWDCYDGRTPGNRNLCNVPCSALLSSDLTASVNCFKKVISRGNGLNAFVAYNNYCKGTDTSAFVRGCRL,35
round2_constrained,"T=0.1,",10,TVFGTCELAAALKKHGMDNFRGYSLGNYVCLAKFESNFNNSVSNTNTDGSTDYGILQLNTRWVCYDGRTPGNRNLGNIPCSALLSSDLTASVNAFKKVISSGNGLNAFVAYNNYCKGTDTSAFVRGCRL,34
round2_constrained,"T=0.1,",11,MVFGRCELAAALKKHGMDNFRGYSLGNFVCLAKFESNFNTSVSNTNTDGSTDYGILQLNTRWDCYDGRTPGNRNLCNVPCSALLSSDITASVNCFKKRISRGNGLNAFVAWNNNCKGTDTSAFVRGCRL,29
