round,pdb_file,full_path,ca_rmsd
round1_unconstrained,seq_0_ce6c6_unrelaxed_rank_001_alphafold2_ptm_model_5_seed_000.pdb,../results/alphafold/round1_extracted_from_colab/seq_0/seq_0_ce6c6_unrelaxed_rank_001_alphafold2_ptm_model_5_seed_000.pdb,0.5449363229424234
round1_unconstrained,seq_1_3e80b_unrelaxed_rank_001_alphafold2_ptm_model_4_seed_000.pdb,../results/alphafold/round1_extracted_from_colab/seq_1/seq_1_3e80b_unrelaxed_rank_001_alphafold2_ptm_model_4_seed_000.pdb,0.7842117434419409
round1_unconstrained,seq_2_a3008_unrelaxed_rank_001_alphafold2_ptm_model_4_seed_000.pdb,../results/alphafold/round1_extracted_from_colab/seq_2/seq_2_a3008_unrelaxed_rank_001_alphafold2_ptm_model_4_seed_000.pdb,1.094272768719449
round1_unconstrained,seq_3_76161_unrelaxed_rank_001_alphafold2_ptm_model_4_seed_000.pdb,../results/alphafold/round1_extracted_from_colab/seq_3/seq_3_76161_unrelaxed_rank_001_alphafold2_ptm_model_4_seed_000.pdb,0.8616575109725013
round1_unconstrained,seq_4_01504_unrelaxed_rank_001_alphafold2_ptm_model_4_seed_000.pdb,../results/alphafold/round1_extracted_from_colab/seq_4/seq_4_01504_unrelaxed_rank_001_alphafold2_ptm_model_4_seed_000.pdb,0.7251558013178202
round1_unconstrained,seq_5_55760_unrelaxed_rank_001_alphafold2_ptm_model_4_seed_000.pdb,../results/alphafold/round1_extracted_from_colab/seq_5/seq_5_55760_unrelaxed_rank_001_alphafold2_ptm_model_4_seed_000.pdb,0.6819645005186696
round2_constrained,28_18d8e_unrelaxed_rank_001_alphafold2_ptm_model_5_seed_000.pdb,../results/alphafold/round2_extracted_from_colab/28_18d8e/28_18d8e_unrelaxed_rank_001_alphafold2_ptm_model_5_seed_000.pdb,0.7265532519212725
round2_constrained,29_c6257_unrelaxed_rank_001_alphafold2_ptm_model_5_seed_000.pdb,../results/alphafold/round2_extracted_from_colab/29_c6257/29_c6257_unrelaxed_rank_001_alphafold2_ptm_model_5_seed_000.pdb,0.7383843401467907
round2_constrained,312_fe3cd_unrelaxed_rank_001_alphafold2_ptm_model_5_seed_000.pdb,../results/alphafold/round2_extracted_from_colab/31.2_fe3cd/312_fe3cd_unrelaxed_rank_001_alphafold2_ptm_model_5_seed_000.pdb,0.7133336823658887
round2_constrained,31_70f1b_unrelaxed_rank_001_alphafold2_ptm_model_5_seed_000.pdb,../results/alphafold/round2_extracted_from_colab/31_70f1b/31_70f1b_unrelaxed_rank_001_alphafold2_ptm_model_5_seed_000.pdb,0.683969388142281
round2_constrained,32_78fa0_unrelaxed_rank_001_alphafold2_ptm_model_5_seed_000.pdb,../results/alphafold/round2_extracted_from_colab/32_78fa0/32_78fa0_unrelaxed_rank_001_alphafold2_ptm_model_5_seed_000.pdb,0.7089826784731204
