round,name,candidate_rank,sequence,num_mutations,mutations
round2_constrained,"1LYZ_clean,",1,KVFGRCELAAAMKRHGLDNYRGYSLGNWVCAAKFESNFNTQATNRNTDGSTDYGILQINSRWWCNDGRTPGSRNLCNIPCSALLSSDITASVNCAKKIVSDGNGMNAWVAWRNRCKGTDVQAWIRGCRL,0,
round2_constrained,"T=0.1,",2,MVWGQCELAAALKKHGMDNYRGYSLGNFVCLAKFESNFNNSVTNTNTDGSTDYGILQLNTRWDCSDGRTPGNRNLCNVPCSALLSSDLTASVNCFKKVVSSGNGLNAFVAYKNNCKGTDTSAFVRGCRL,31,K1M;F3W;R5Q;M12L;R14K;L17M;W28F;A31L;T40N;Q41S;A42V;R45T;I58L;S60T;W63D;N65S;S72N;I78V;I88L;A95F;I98V;D101S;M105L;W108F;W111Y;R112K;R114N;V120T;Q121S;W123F;I124V
round2_constrained,"T=0.1,",3,TVWGQCELAAALKKHGMDNFRGYSLGNFVCLAKFESNFNNSVSNTNTDGSTDYGILQLNTRWDCYDGRTPGNRNLCNVPCSALLSSDITASVNCFKKVVSSGNGLNAFVAYNNNCKGTDTSAFVRGCRL,32,K1T;F3W;R5Q;M12L;R14K;L17M;Y20F;W28F;A31L;T40N;Q41S;A42V;T43S;R45T;I58L;S60T;W63D;N65Y;S72N;I78V;A95F;I98V;D101S;M105L;W108F;W111Y;R112N;R114N;V120T;Q121S;W123F;I124V
round2_constrained,"T=0.1,",4,KVFGRCELAAALKKHGMDNFRGYSLGNWVCLAKFESNFNTSVSNTNTDGSTDYGILQLNTRWDCYDGRTPGNRNLCNVPCSALLSSDITASVNCAKKVVTEGNGLNRFVAYENNCKGTDTSAFVRGCRL,28,M12L;R14K;L17M;Y20F;A31L;Q41S;A42V;T43S;R45T;I58L;S60T;W63D;N65Y;S72N;I78V;I98V;S100T;D101E;M105L;A107R;W108F;W111Y;R112E;R114N;V120T;Q121S;W123F;I124V
round2_constrained,"T=0.1,",5,KVWGTCELAAALKKHGMDNFRGYSLGNYVCLAKFESNFNNSVSNTNTDGSTDYGILQLNTRWVCSDGRTPGNRNLCNVPCSALLSSDITASVNCFKLVVSSGNGLNAFVAYENNCKGTDTSAFVRGCRL,32,F3W;R5T;M12L;R14K;L17M;Y20F;W28Y;A31L;T40N;Q41S;A42V;T43S;R45T;I58L;S60T;W63V;N65S;S72N;I78V;A95F;K97L;I98V;D101S;M105L;W108F;W111Y;R112E;R114N;V120T;Q121S;W123F;I124V
round2_constrained,"T=0.1,",6,MVFGQCELAAALKKHGMDNFRGYSLGNFVCLAKFESNFNNTVSNTNTDGSTDYGILQLNTRWWCYDGRTPGNRNLCNVPCSALLSSDLTASVNCFKKVVSYGNGLNAFVAYENYCKGTDTSAFVRGCRL,31,K1M;R5Q;M12L;R14K;L17M;Y20F;W28F;A31L;T40N;Q41T;A42V;T43S;R45T;I58L;S60T;N65Y;S72N;I78V;I88L;A95F;I98V;D101Y;M105L;W108F;W111Y;R112E;R114Y;V120T;Q121S;W123F;I124V
round2_constrained,"T=0.1,",7,TVFGRCELAAALKKHGMDNFRGYSLGNFVCLAKFESNFNNSVSNTNTDGNTDYGILQLNTRWDCYDGRTPGNRNLCNVPCSALLSSDITASVNCFKKVVSEGGGLNRFVAYENNCKGTDTSAFVRGCRL,33,K1T;M12L;R14K;L17M;Y20F;W28F;A31L;T40N;Q41S;A42V;T43S;R45T;S50N;I58L;S60T;W63D;N65Y;S72N;I78V;A95F;I98V;D101E;N103G;M105L;A107R;W108F;W111Y;R112E;R114N;V120T;Q121S;W123F;I124V
round2_constrained,"T=0.1,",8,TVWGRCELAAALKKHGMDNFRGYSLGNFVCLAKFESNFNNSVSNTNTDGSTDYGILQLNTRWDCYDGRTPGNRNLCNVPCSALLSSDLTASVNCFKKVVSSGNGLNAFVAYNNYCKGTDTSAFVRGCRL,32,K1T;F3W;M12L;R14K;L17M;Y20F;W28F;A31L;T40N;Q41S;A42V;T43S;R45T;I58L;S60T;W63D;N65Y;S72N;I78V;I88L;A95F;I98V;D101S;M105L;W108F;W111Y;R112N;R114Y;V120T;Q121S;W123F;I124V
round2_constrained,"T=0.1,",9,MVWGTCELAAALKKHGMDNFRGYSLGNFVCLAKFESNFNNTVSNTNTDGNTDYGILQLNTRWDCYDGRTPGNRNLCNVPCSALLSSDLTASVNCFKKVISRGNGLNAFVAYNNYCKGTDTSAFVRGCRL,35,K1M;F3W;R5T;M12L;R14K;L17M;Y20F;W28F;A31L;T40N;Q41T;A42V;T43S;R45T;S50N;I58L;S60T;W63D;N65Y;S72N;I78V;I88L;A95F;I98V;V99I;D101R;M105L;W108F;W111Y;R112N;R114Y;V120T;Q121S;W123F;I124V
round2_constrained,"T=0.1,",10,TVFGTCELAAALKKHGMDNFRGYSLGNYVCLAKFESNFNNSVSNTNTDGSTDYGILQLNTRWVCYDGRTPGNRNLGNIPCSALLSSDLTASVNAFKKVISSGNGLNAFVAYNNYCKGTDTSAFVRGCRL,34,K1T;R5T;M12L;R14K;L17M;Y20F;W28Y;A31L;T40N;Q41S;A42V;T43S;R45T;I58L;S60T;W63V;N65Y;S72N;C76G;I88L;C94A;A95F;I98V;V99I;D101S;M105L;W108F;W111Y;R112N;R114Y;V120T;Q121S;W123F;I124V
round2_constrained,"T=0.1,",11,MVFGRCELAAALKKHGMDNFRGYSLGNFVCLAKFESNFNTSVSNTNTDGSTDYGILQLNTRWDCYDGRTPGNRNLCNVPCSALLSSDITASVNCFKKRISRGNGLNAFVAWNNNCKGTDTSAFVRGCRL,29,K1M;M12L;R14K;L17M;Y20F;W28F;A31L;Q41S;A42V;T43S;R45T;I58L;S60T;W63D;N65Y;S72N;I78V;A95F;I98R;V99I;D101R;M105L;W108F;R112N;R114N;V120T;Q121S;W123F;I124V
